{"Pretraining/J_E": 0.2484058165550232, "Pretraining/ExpertQValues": 1.505281925201416, "Pretraining/OtherQValues": -16.35310935974121, "Pretraining/expert_actions": {"_type": "histogram", "values": [6, 0, 0, 0, 0, 0, 0, 0, 0, 0, 0, 0, 0, 0, 0, 0, 0, 0, 0, 0, 0, 6, 0, 0, 0, 0, 0, 0, 0, 0, 0, 0, 0, 0, 0, 0, 0, 0, 0, 0, 0, 0, 1, 0, 0, 0, 0, 0, 0, 0, 0, 0, 0, 0, 0, 0, 0, 0, 0, 0, 0, 0, 0, 87], "bins": [1.0, 1.046875, 1.09375, 1.140625, 1.1875, 1.234375, 1.28125, 1.328125, 1.375, 1.421875, 1.46875, 1.515625, 1.5625, 1.609375, 1.65625, 1.703125, 1.75, 1.796875, 1.84375, 1.890625, 1.9375, 1.984375, 2.03125, 2.078125, 2.125, 2.171875, 2.21875, 2.265625, 2.3125, 2.359375, 2.40625, 2.453125, 2.5, 2.546875, 2.59375, 2.640625, 2.6875, 2.734375, 2.78125, 2.828125, 2.875, 2.921875, 2.96875, 3.015625, 3.0625, 3.109375, 3.15625, 3.203125, 3.25, 3.296875, 3.34375, 3.390625, 3.4375, 3.484375, 3.53125, 3.578125, 3.625, 3.671875, 3.71875, 3.765625, 3.8125, 3.859375, 3.90625, 3.953125, 4.0]}, "Pretraining/Step": 111, "_runtime": 56, "_timestamp": 1633540708, "_step": 110}